product_id,category_id,category,subcategory,product_name,brand,barcode,barcode_type,unit,price_pkr,currency,is_active,stock_qty
P0001,C01,Staples & Grains,,Basmati Rice 1kg,National,20000100012,SYNTHETIC_EAN13_POC,kg,310,PKR,True,67
P0002,C01,Staples & Grains,,Super Basmati Rice 5kg,Shan,20000100029,SYNTHETIC_EAN13_POC,kg,447,PKR,True,84
P0003,C01,Staples & Grains,,Sella Rice 1kg,Dalda,20000100036,SYNTHETIC_EAN13_POC,kg,584,PKR,True,101
P0004,C01,Staples & Grains,,Brown Rice 1kg,Sufi,20000100043,SYNTHETIC_EAN13_POC,kg,721,PKR,True,118
P0005,C01,Staples & Grains,,Wheat Flour 1kg,Tapal,20000100050,SYNTHETIC_EAN13_POC,kg,858,PKR,True,135
P0006,C01,Staples & Grains,,Fine Atta 5kg,Vital,20000100067,SYNTHETIC_EAN13_POC,kg,995,PKR,True,152
P0007,C01,Staples & Grains,,Maida 1kg,Surf Excel,20000100074,SYNTHETIC_EAN13_POC,kg,1132,PKR,True,169
P0008,C01,Staples & Grains,,Besan 1kg,Lux,20000100081,SYNTHETIC_EAN13_POC,kg,1269,PKR,True,186
P0009,C01,Staples & Grains,,Sooji 1kg,Lifebuoy,20000100098,SYNTHETIC_EAN13_POC,kg,1406,PKR,True,203
P0010,C01,Staples & Grains,,Corn Flour 250g,Dove,20000100104,SYNTHETIC_EAN13_POC,g,1543,PKR,True,220
P0011,C01,Staples & Grains,,Dalia 500g,Sunsilk,20000100111,SYNTHETIC_EAN13_POC,g,1680,PKR,True,237
P0012,C01,Staples & Grains,,Vermicelli 150g,Colgate,20000100128,SYNTHETIC_EAN13_POC,g,136,PKR,True,54
P0013,C02,Pulses & Lentils,,Masoor Dal 500g,Pepsodent,20000200019,SYNTHETIC_EAN13_POC,g,423,PKR,True,71
P0014,C02,Pulses & Lentils,,Moong Dal 500g,Nestle,20000200026,SYNTHETIC_EAN13_POC,g,560,PKR,True,88
P0015,C02,Pulses & Lentils,,Chana Dal 500g,Nido,20000200033,SYNTHETIC_EAN13_POC,g,226,PKR,True,105
P0016,C02,Pulses & Lentils,,Mash Dal 500g,Olper's,20000200040,SYNTHETIC_EAN13_POC,g,363,PKR,True,122
P0017,C02,Pulses & Lentils,,White Chana 500g,Surf,20000200057,SYNTHETIC_EAN13_POC,g,500,PKR,True,139
P0018,C02,Pulses & Lentils,,Black Chana 500g,Harpic,20000200064,SYNTHETIC_EAN13_POC,g,637,PKR,True,156
P0019,C02,Pulses & Lentils,,Red Kidney Beans 500g,Dettol,20000200071,SYNTHETIC_EAN13_POC,g,303,PKR,True,173
P0020,C02,Pulses & Lentils,,White Kidney Beans 500g,Generic Local,20000200088,SYNTHETIC_EAN13_POC,g,440,PKR,True,190
P0021,C02,Pulses & Lentils,,Lobia 500g,POC House Brand,20000200095,SYNTHETIC_EAN13_POC,g,577,PKR,True,207
P0022,C02,Pulses & Lentils,,Green Peas Dry 500g,National,20000200101,SYNTHETIC_EAN13_POC,g,243,PKR,True,224
P0023,C03,Cooking Oil & Ghee,,Cooking Oil 1L,Shan,20000300016,SYNTHETIC_EAN13_POC,L,746,PKR,True,241
P0024,C03,Cooking Oil & Ghee,,Cooking Oil 5L,Dalda,20000300023,SYNTHETIC_EAN13_POC,L,883,PKR,True,58
P0025,C03,Cooking Oil & Ghee,,Canola Oil 1L,Sufi,20000300030,SYNTHETIC_EAN13_POC,L,1020,PKR,True,75
P0026,C03,Cooking Oil & Ghee,,Sunflower Oil 1L,Tapal,20000300047,SYNTHETIC_EAN13_POC,L,1157,PKR,True,92
P0027,C03,Cooking Oil & Ghee,,Olive Oil 500ml,Vital,20000300054,SYNTHETIC_EAN13_POC,ml,1294,PKR,True,109
P0028,C03,Cooking Oil & Ghee,,Banaspati Ghee 1kg,Surf Excel,20000300061,SYNTHETIC_EAN13_POC,kg,1431,PKR,True,126
P0029,C03,Cooking Oil & Ghee,,Desi Ghee 1kg,Lux,20000300078,SYNTHETIC_EAN13_POC,kg,1568,PKR,True,143
P0030,C03,Cooking Oil & Ghee,,Cooking Spray 200ml,Lifebuoy,20000300085,SYNTHETIC_EAN13_POC,ml,1705,PKR,True,160
P0031,C04,"Sugar, Salt & Sweeteners",,White Sugar 1kg,Dove,20000400013,SYNTHETIC_EAN13_POC,kg,429,PKR,True,177
P0032,C04,"Sugar, Salt & Sweeteners",,White Sugar 5kg,Sunsilk,20000400020,SYNTHETIC_EAN13_POC,kg,566,PKR,True,194
P0033,C04,"Sugar, Salt & Sweeteners",,Brown Sugar 500g,Colgate,20000400037,SYNTHETIC_EAN13_POC,g,82,PKR,True,211
P0034,C04,"Sugar, Salt & Sweeteners",,Iodized Salt 800g,Pepsodent,20000400044,SYNTHETIC_EAN13_POC,g,219,PKR,True,228
P0035,C04,"Sugar, Salt & Sweeteners",,Pink Salt 500g,Nestle,20000400051,SYNTHETIC_EAN13_POC,g,356,PKR,True,245
P0036,C04,"Sugar, Salt & Sweeteners",,Rock Salt 500g,Nido,20000400068,SYNTHETIC_EAN13_POC,g,493,PKR,True,62
P0037,C04,"Sugar, Salt & Sweeteners",,Sugar Sachets 100pcs,Olper's,20000400075,SYNTHETIC_EAN13_POC,pcs,630,PKR,True,79
P0038,C04,"Sugar, Salt & Sweeteners",,Stevia Sweetener 100pcs,Surf,20000400082,SYNTHETIC_EAN13_POC,pcs,146,PKR,True,96
P0039,C05,Spices & Seasonings,,Red Chilli Powder 100g,Harpic,20000500010,SYNTHETIC_EAN13_POC,g,482,PKR,True,113
P0040,C05,Spices & Seasonings,,Turmeric Powder 100g,Dettol,20000500027,SYNTHETIC_EAN13_POC,g,198,PKR,True,130
P0041,C05,Spices & Seasonings,,Coriander Powder 100g,Generic Local,20000500034,SYNTHETIC_EAN13_POC,g,335,PKR,True,147
P0042,C05,Spices & Seasonings,,Cumin Seeds 100g,POC House Brand,20000500041,SYNTHETIC_EAN13_POC,g,472,PKR,True,164
P0043,C05,Spices & Seasonings,,Cumin Powder 100g,National,20000500058,SYNTHETIC_EAN13_POC,g,188,PKR,True,181
P0044,C05,Spices & Seasonings,,Black Pepper Powder 50g,Shan,20000500065,SYNTHETIC_EAN13_POC,g,325,PKR,True,198
P0045,C05,Spices & Seasonings,,Garam Masala 100g,Dalda,20000500072,SYNTHETIC_EAN13_POC,g,462,PKR,True,215
P0046,C05,Spices & Seasonings,,Chaat Masala 100g,Sufi,20000500089,SYNTHETIC_EAN13_POC,g,178,PKR,True,232
P0047,C05,Spices & Seasonings,,Biryani Masala 100g,Tapal,20000500096,SYNTHETIC_EAN13_POC,g,315,PKR,True,249
P0048,C05,Spices & Seasonings,,Karahi Masala 100g,Vital,20000500102,SYNTHETIC_EAN13_POC,g,452,PKR,True,66
P0049,C05,Spices & Seasonings,,Tikka Masala 100g,Surf Excel,20000500119,SYNTHETIC_EAN13_POC,g,168,PKR,True,83
P0050,C05,Spices & Seasonings,,Cinnamon 50g,Lux,20000500126,SYNTHETIC_EAN13_POC,g,305,PKR,True,100
P0051,C05,Spices & Seasonings,,Cloves 50g,Lifebuoy,20000500133,SYNTHETIC_EAN13_POC,g,442,PKR,True,117
P0052,C05,Spices & Seasonings,,Cardamom 25g,Dove,20000500140,SYNTHETIC_EAN13_POC,g,158,PKR,True,134
P0053,C05,Spices & Seasonings,,Bay Leaves 25g,Sunsilk,20000500157,SYNTHETIC_EAN13_POC,g,295,PKR,True,151
P0054,C06,"Tea, Coffee & Hot Drinks",,Black Tea 190g,Colgate,20000600017,SYNTHETIC_EAN13_POC,g,635,PKR,True,168
P0055,C06,"Tea, Coffee & Hot Drinks",,Black Tea 475g,Pepsodent,20000600024,SYNTHETIC_EAN13_POC,g,772,PKR,True,185
P0056,C06,"Tea, Coffee & Hot Drinks",,Green Tea 30 Bags,Nestle,20000600031,SYNTHETIC_EAN13_POC,unit,909,PKR,True,202
P0057,C06,"Tea, Coffee & Hot Drinks",,Elaichi Tea 190g,Nido,20000600048,SYNTHETIC_EAN13_POC,g,1046,PKR,True,219
P0058,C06,"Tea, Coffee & Hot Drinks",,Instant Coffee 50g,Olper's,20000600055,SYNTHETIC_EAN13_POC,g,1183,PKR,True,236
P0059,C06,"Tea, Coffee & Hot Drinks",,Instant Coffee 100g,Surf,20000600062,SYNTHETIC_EAN13_POC,g,1320,PKR,True,53
P0060,C06,"Tea, Coffee & Hot Drinks",,Coffee 200g,Harpic,20000600079,SYNTHETIC_EAN13_POC,g,236,PKR,True,70
P0061,C06,"Tea, Coffee & Hot Drinks",,Tea Whitener 250g,Dettol,20000600086,SYNTHETIC_EAN13_POC,g,373,PKR,True,87
P0062,C06,"Tea, Coffee & Hot Drinks",,Hot Chocolate 200g,Generic Local,20000600093,SYNTHETIC_EAN13_POC,g,510,PKR,True,104
P0063,C06,"Tea, Coffee & Hot Drinks",,Cocoa Powder 100g,POC House Brand,20000600109,SYNTHETIC_EAN13_POC,g,647,PKR,True,121
P0064,C07,Breakfast & Spreads,,Corn Flakes 250g,National,20000700014,SYNTHETIC_EAN13_POC,g,758,PKR,True,138
P0065,C07,Breakfast & Spreads,,Chocolate Cereal 250g,Shan,20000700021,SYNTHETIC_EAN13_POC,g,895,PKR,True,155
P0066,C07,Breakfast & Spreads,,Oats 500g,Dalda,20000700038,SYNTHETIC_EAN13_POC,g,1032,PKR,True,172
P0067,C07,Breakfast & Spreads,,Muesli 500g,Sufi,20000700045,SYNTHETIC_EAN13_POC,g,1169,PKR,True,189
P0068,C07,Breakfast & Spreads,,Strawberry Jam 500g,Tapal,20000700052,SYNTHETIC_EAN13_POC,g,255,PKR,True,206
P0069,C07,Breakfast & Spreads,,Mixed Fruit Jam 500g,Vital,20000700069,SYNTHETIC_EAN13_POC,g,392,PKR,True,223
P0070,C07,Breakfast & Spreads,,Honey 250g,Surf Excel,20000700076,SYNTHETIC_EAN13_POC,g,529,PKR,True,240
P0071,C07,Breakfast & Spreads,,Honey 500g,Lux,20000700083,SYNTHETIC_EAN13_POC,g,666,PKR,True,57
P0072,C07,Breakfast & Spreads,,Chocolate Spread 350g,Lifebuoy,20000700090,SYNTHETIC_EAN13_POC,g,803,PKR,True,74
P0073,C07,Breakfast & Spreads,,Peanut Butter 340g,Dove,20000700106,SYNTHETIC_EAN13_POC,g,940,PKR,True,91
P0074,C08,"Biscuits, Bakery & Snacks",,Tea Biscuits 120g,Sunsilk,20000800011,SYNTHETIC_EAN13_POC,g,621,PKR,True,108
P0075,C08,"Biscuits, Bakery & Snacks",,Chocolate Biscuits 120g,Colgate,20000800028,SYNTHETIC_EAN13_POC,g,758,PKR,True,125
P0076,C08,"Biscuits, Bakery & Snacks",,Cream Biscuits 120g,Pepsodent,20000800035,SYNTHETIC_EAN13_POC,g,895,PKR,True,142
P0077,C08,"Biscuits, Bakery & Snacks",,Salted Crackers 100g,Nestle,20000800042,SYNTHETIC_EAN13_POC,g,191,PKR,True,159
P0078,C08,"Biscuits, Bakery & Snacks",,Digestive Biscuits 250g,Nido,20000800059,SYNTHETIC_EAN13_POC,g,328,PKR,True,176
P0079,C08,"Biscuits, Bakery & Snacks",,Cookies 200g,Olper's,20000800066,SYNTHETIC_EAN13_POC,g,465,PKR,True,193
P0080,C08,"Biscuits, Bakery & Snacks",,Rusk 250g,Surf,20000800073,SYNTHETIC_EAN13_POC,g,602,PKR,True,210
P0081,C08,"Biscuits, Bakery & Snacks",,Cake 300g,Harpic,20000800080,SYNTHETIC_EAN13_POC,g,739,PKR,True,227
P0082,C08,"Biscuits, Bakery & Snacks",,Cupcakes 4 Pack,Dettol,20000800097,SYNTHETIC_EAN13_POC,Pack,876,PKR,True,244
P0083,C08,"Biscuits, Bakery & Snacks",,Plain Bread 800g,Generic Local,20000800103,SYNTHETIC_EAN13_POC,g,172,PKR,True,61
P0084,C08,"Biscuits, Bakery & Snacks",,Whole Wheat Bread 800g,POC House Brand,20000800110,SYNTHETIC_EAN13_POC,g,309,PKR,True,78
P0085,C08,"Biscuits, Bakery & Snacks",,Burger Buns 6 Pack,National,20000800127,SYNTHETIC_EAN13_POC,Pack,446,PKR,True,95
P0086,C08,"Biscuits, Bakery & Snacks",,Hot Dog Buns 6 Pack,Shan,20000800134,SYNTHETIC_EAN13_POC,Pack,583,PKR,True,112
P0087,C08,"Biscuits, Bakery & Snacks",,Tortilla Wraps 6 Pack,Dalda,20000800141,SYNTHETIC_EAN13_POC,Pack,720,PKR,True,129
P0088,C08,"Biscuits, Bakery & Snacks",,Crisps 50g,Sufi,20000800158,SYNTHETIC_EAN13_POC,g,857,PKR,True,146
P0089,C08,"Biscuits, Bakery & Snacks",,Crisps 100g,Tapal,20000800165,SYNTHETIC_EAN13_POC,g,153,PKR,True,163
P0090,C08,"Biscuits, Bakery & Snacks",,Popcorn 100g,Vital,20000800172,SYNTHETIC_EAN13_POC,g,290,PKR,True,180
P0091,C08,"Biscuits, Bakery & Snacks",,Nimco Mix 200g,Surf Excel,20000800189,SYNTHETIC_EAN13_POC,g,427,PKR,True,197
P0092,C08,"Biscuits, Bakery & Snacks",,Peanuts 200g,Lux,20000800196,SYNTHETIC_EAN13_POC,g,564,PKR,True,214
P0093,C08,"Biscuits, Bakery & Snacks",,Roasted Chickpeas 200g,Lifebuoy,20000800202,SYNTHETIC_EAN13_POC,g,701,PKR,True,231
P0094,C09,Confectionery & Chocolates,,Milk Chocolate 40g,Dove,20000900018,SYNTHETIC_EAN13_POC,g,664,PKR,True,248
P0095,C09,Confectionery & Chocolates,,Dark Chocolate 40g,Sunsilk,20000900025,SYNTHETIC_EAN13_POC,g,150,PKR,True,65
P0096,C09,Confectionery & Chocolates,,Chocolate Bar 80g,Colgate,20000900032,SYNTHETIC_EAN13_POC,g,287,PKR,True,82
P0097,C09,Confectionery & Chocolates,,Wafer Chocolate 45g,Pepsodent,20000900049,SYNTHETIC_EAN13_POC,g,424,PKR,True,99
P0098,C09,Confectionery & Chocolates,,Toffee Assorted 100g,Nestle,20000900056,SYNTHETIC_EAN13_POC,g,561,PKR,True,116
P0099,C09,Confectionery & Chocolates,,Lollipop Pack 20pcs,Nido,20000900063,SYNTHETIC_EAN13_POC,pcs,698,PKR,True,133
P0100,C09,Confectionery & Chocolates,,Gummy Candy 100g,Olper's,20000900070,SYNTHETIC_EAN13_POC,g,184,PKR,True,150
P0101,C09,Confectionery & Chocolates,,Jelly Beans 100g,Surf,20000900087,SYNTHETIC_EAN13_POC,g,321,PKR,True,167
P0102,C09,Confectionery & Chocolates,,Marshmallows 100g,Harpic,20000900094,SYNTHETIC_EAN13_POC,g,458,PKR,True,184
P0103,C09,Confectionery & Chocolates,,Chewing Gum 10pcs,Dettol,20000900100,SYNTHETIC_EAN13_POC,pcs,595,PKR,True,201
P0104,C09,Confectionery & Chocolates,,Mint Candy 50g,Generic Local,20000900117,SYNTHETIC_EAN13_POC,g,81,PKR,True,218
P0105,C10,Beverages & Juices,,Mineral Water 500ml,POC House Brand,20001000014,SYNTHETIC_EAN13_POC,ml,136,PKR,True,235
P0106,C10,Beverages & Juices,,Mineral Water 1.5L,National,20001000021,SYNTHETIC_EAN13_POC,L,273,PKR,True,52
P0107,C10,Beverages & Juices,,Sparkling Water 500ml,Shan,20001000038,SYNTHETIC_EAN13_POC,ml,410,PKR,True,69
P0108,C10,Beverages & Juices,,Cola Soft Drink 500ml,Dalda,20001000045,SYNTHETIC_EAN13_POC,ml,547,PKR,True,86
P0109,C10,Beverages & Juices,,Cola Soft Drink 1.5L,Sufi,20001000052,SYNTHETIC_EAN13_POC,L,93,PKR,True,103
P0110,C10,Beverages & Juices,,Lemon Lime Soft Drink 1.5L,Tapal,20001000069,SYNTHETIC_EAN13_POC,L,230,PKR,True,120
P0111,C10,Beverages & Juices,,Orange Soft Drink 1.5L,Vital,20001000076,SYNTHETIC_EAN13_POC,L,367,PKR,True,137
P0112,C10,Beverages & Juices,,Mango Juice 1L,Surf Excel,20001000083,SYNTHETIC_EAN13_POC,L,504,PKR,True,154
P0113,C10,Beverages & Juices,,Orange Juice 1L,Lux,20001000090,SYNTHETIC_EAN13_POC,L,641,PKR,True,171
P0114,C10,Beverages & Juices,,Apple Juice 1L,Lifebuoy,20001000106,SYNTHETIC_EAN13_POC,L,187,PKR,True,188
P0115,C10,Beverages & Juices,,Mango Drink 250ml,Dove,20001000113,SYNTHETIC_EAN13_POC,ml,324,PKR,True,205
P0116,C10,Beverages & Juices,,Rooh Afza Style Syrup 800ml,Sunsilk,20001000120,SYNTHETIC_EAN13_POC,ml,461,PKR,True,222
P0117,C10,Beverages & Juices,,Lemon Squash 800ml,Colgate,20001000137,SYNTHETIC_EAN13_POC,ml,598,PKR,True,239
P0118,C10,Beverages & Juices,,Energy Drink 250ml,Pepsodent,20001000144,SYNTHETIC_EAN13_POC,ml,144,PKR,True,56
P0119,C10,Beverages & Juices,,Iced Tea 500ml,Nestle,20001000151,SYNTHETIC_EAN13_POC,ml,281,PKR,True,73
P0120,C11,Dairy & Eggs,,UHT Milk 1L,Nido,20001100011,SYNTHETIC_EAN13_POC,L,840,PKR,True,90
P0121,C11,Dairy & Eggs,,UHT Low Fat Milk 1L,Olper's,20001100028,SYNTHETIC_EAN13_POC,L,977,PKR,True,107
P0122,C11,Dairy & Eggs,,Milk Powder 500g,Surf,20001100035,SYNTHETIC_EAN13_POC,g,1114,PKR,True,124
P0123,C11,Dairy & Eggs,,Tea Whitener 500g,Harpic,20001100042,SYNTHETIC_EAN13_POC,g,1251,PKR,True,141
P0124,C11,Dairy & Eggs,,Plain Yogurt 500g,Dettol,20001100059,SYNTHETIC_EAN13_POC,g,1388,PKR,True,158
P0125,C11,Dairy & Eggs,,Flavored Yogurt 100g,Generic Local,20001100066,SYNTHETIC_EAN13_POC,g,244,PKR,True,175
P0126,C11,Dairy & Eggs,,Butter 200g,POC House Brand,20001100073,SYNTHETIC_EAN13_POC,g,381,PKR,True,192
P0127,C11,Dairy & Eggs,,Margarine 500g,National,20001100080,SYNTHETIC_EAN13_POC,g,518,PKR,True,209
P0128,C11,Dairy & Eggs,,Cheddar Cheese 200g,Shan,20001100097,SYNTHETIC_EAN13_POC,g,655,PKR,True,226
P0129,C11,Dairy & Eggs,,Mozzarella Cheese 200g,Dalda,20001100103,SYNTHETIC_EAN13_POC,g,792,PKR,True,243
P0130,C11,Dairy & Eggs,,Cream 200ml,Sufi,20001100110,SYNTHETIC_EAN13_POC,ml,929,PKR,True,60
P0131,C11,Dairy & Eggs,,Fresh Eggs 12 Pack,Tapal,20001100127,SYNTHETIC_EAN13_POC,Pack,1066,PKR,True,77
P0132,C11,Dairy & Eggs,,Fresh Eggs 30 Pack,Vital,20001100134,SYNTHETIC_EAN13_POC,Pack,1203,PKR,True,94
P0133,C11,Dairy & Eggs,,Flavored Milk 250ml,Surf Excel,20001100141,SYNTHETIC_EAN13_POC,ml,1340,PKR,True,111
P0134,C12,Fresh Produce,Vegetables & Herbs,Potatoes 1kg,Lux,20001200018,SYNTHETIC_EAN13_POC,kg,823,PKR,True,128
P0135,C12,Fresh Produce,Vegetables & Herbs,Onions 1kg,Lifebuoy,20001200025,SYNTHETIC_EAN13_POC,kg,109,PKR,True,145
P0136,C12,Fresh Produce,Vegetables & Herbs,Tomatoes 1kg,Dove,20001200032,SYNTHETIC_EAN13_POC,kg,246,PKR,True,162
P0137,C12,Fresh Produce,Vegetables & Herbs,Garlic 250g,Sunsilk,20001200049,SYNTHETIC_EAN13_POC,g,383,PKR,True,179
P0138,C12,Fresh Produce,Vegetables & Herbs,Ginger 250g,Colgate,20001200056,SYNTHETIC_EAN13_POC,g,520,PKR,True,196
P0139,C12,Fresh Produce,Vegetables & Herbs,Green Chillies 100g,Pepsodent,20001200063,SYNTHETIC_EAN13_POC,g,657,PKR,True,213
P0140,C12,Fresh Produce,Vegetables & Herbs,Lemon 500g,Nestle,20001200070,SYNTHETIC_EAN13_POC,g,794,PKR,True,230
P0141,C12,Fresh Produce,Vegetables & Herbs,Cucumber 500g,Nido,20001200087,SYNTHETIC_EAN13_POC,g,80,PKR,True,247
P0142,C12,Fresh Produce,Vegetables & Herbs,Carrots 500g,Olper's,20001200094,SYNTHETIC_EAN13_POC,g,217,PKR,True,64
P0143,C12,Fresh Produce,Vegetables & Herbs,Spinach 1 Bunch,Surf,20001200100,SYNTHETIC_EAN13_POC,unit,354,PKR,True,81
P0144,C12,Fresh Produce,Vegetables & Herbs,Coriander 1 Bunch,Harpic,20001200117,SYNTHETIC_EAN13_POC,unit,491,PKR,True,98
P0145,C12,Fresh Produce,Vegetables & Herbs,Mint 1 Bunch,Dettol,20001200124,SYNTHETIC_EAN13_POC,unit,628,PKR,True,115
P0146,C12,Fresh Produce,Fruits,Bananas 1kg,Generic Local,20001200131,SYNTHETIC_EAN13_POC,kg,765,PKR,True,132
P0147,C12,Fresh Produce,Fruits,Apples 1kg,POC House Brand,20001200148,SYNTHETIC_EAN13_POC,kg,51,PKR,True,149
P0148,C12,Fresh Produce,Fruits,Oranges 1kg,National,20001200155,SYNTHETIC_EAN13_POC,kg,188,PKR,True,166
P0149,C12,Fresh Produce,Fruits,Mangoes 1kg,Shan,20001200162,SYNTHETIC_EAN13_POC,kg,325,PKR,True,183
P0150,C12,Fresh Produce,Fruits,Guava 1kg,Dalda,20001200179,SYNTHETIC_EAN13_POC,kg,462,PKR,True,200
P0151,C12,Fresh Produce,Fruits,Pomegranate 1kg,Sufi,20001200186,SYNTHETIC_EAN13_POC,kg,599,PKR,True,217
P0152,C12,Fresh Produce,Fruits,Grapes 500g,Tapal,20001200193,SYNTHETIC_EAN13_POC,g,736,PKR,True,234
P0153,C12,Fresh Produce,Fruits,Watermelon 1pc,Vital,20001200209,SYNTHETIC_EAN13_POC,pc,873,PKR,True,51
P0154,C13,"Meat, Chicken & Seafood",,Chicken Whole 1kg,Surf Excel,20001300015,SYNTHETIC_EAN13_POC,kg,1176,PKR,True,68
P0155,C13,"Meat, Chicken & Seafood",,Chicken Breast 500g,Lux,20001300022,SYNTHETIC_EAN13_POC,g,1313,PKR,True,85
P0156,C13,"Meat, Chicken & Seafood",,Chicken Boneless 500g,Lifebuoy,20001300039,SYNTHETIC_EAN13_POC,g,1450,PKR,True,102
P0157,C13,"Meat, Chicken & Seafood",,Chicken Wings 500g,Dove,20001300046,SYNTHETIC_EAN13_POC,g,1587,PKR,True,119
P0158,C13,"Meat, Chicken & Seafood",,Beef Mince 500g,Sunsilk,20001300053,SYNTHETIC_EAN13_POC,g,1724,PKR,True,136
P0159,C13,"Meat, Chicken & Seafood",,Beef Boneless 500g,Colgate,20001300060,SYNTHETIC_EAN13_POC,g,1861,PKR,True,153
P0160,C13,"Meat, Chicken & Seafood",,Mutton 500g,Pepsodent,20001300077,SYNTHETIC_EAN13_POC,g,1998,PKR,True,170
P0161,C13,"Meat, Chicken & Seafood",,Fish Fillet 500g,Nestle,20001300084,SYNTHETIC_EAN13_POC,g,2135,PKR,True,187
P0162,C13,"Meat, Chicken & Seafood",,Rohu Fish 1kg,Nido,20001300091,SYNTHETIC_EAN13_POC,kg,421,PKR,True,204
P0163,C13,"Meat, Chicken & Seafood",,Prawns 500g,Olper's,20001300107,SYNTHETIC_EAN13_POC,g,558,PKR,True,221
P0164,C14,Frozen Foods & Ready Meals,,Frozen Peas 500g,Surf,20001400012,SYNTHETIC_EAN13_POC,g,1129,PKR,True,238
P0165,C14,Frozen Foods & Ready Meals,,Frozen Mixed Vegetables 500g,Harpic,20001400029,SYNTHETIC_EAN13_POC,g,1266,PKR,True,55
P0166,C14,Frozen Foods & Ready Meals,,Frozen French Fries 750g,Dettol,20001400036,SYNTHETIC_EAN13_POC,g,252,PKR,True,72
P0167,C14,Frozen Foods & Ready Meals,,Frozen Nuggets 500g,Generic Local,20001400043,SYNTHETIC_EAN13_POC,g,389,PKR,True,89
P0168,C14,Frozen Foods & Ready Meals,,Frozen Chicken Burger Patties 500g,POC House Brand,20001400050,SYNTHETIC_EAN13_POC,g,526,PKR,True,106
P0169,C14,Frozen Foods & Ready Meals,,Frozen Samosas 12pcs,National,20001400067,SYNTHETIC_EAN13_POC,pcs,663,PKR,True,123
P0170,C14,Frozen Foods & Ready Meals,,Frozen Spring Rolls 10pcs,Shan,20001400074,SYNTHETIC_EAN13_POC,pcs,800,PKR,True,140
P0171,C14,Frozen Foods & Ready Meals,,Frozen Paratha 5pcs,Dalda,20001400081,SYNTHETIC_EAN13_POC,pcs,937,PKR,True,157
P0172,C14,Frozen Foods & Ready Meals,,Frozen Seekh Kebab 500g,Sufi,20001400098,SYNTHETIC_EAN13_POC,g,1074,PKR,True,174
P0173,C14,Frozen Foods & Ready Meals,,Frozen Pizza 400g,Tapal,20001400104,SYNTHETIC_EAN13_POC,g,1211,PKR,True,191
P0174,C14,Frozen Foods & Ready Meals,,Frozen Fish Fingers 300g,Vital,20001400111,SYNTHETIC_EAN13_POC,g,1348,PKR,True,208
P0175,C15,"Canned, Sauces & Condiments",,Tomato Ketchup 500g,Surf Excel,20001500019,SYNTHETIC_EAN13_POC,g,1052,PKR,True,225
P0176,C15,"Canned, Sauces & Condiments",,Chilli Garlic Sauce 500g,Lux,20001500026,SYNTHETIC_EAN13_POC,g,208,PKR,True,242
P0177,C15,"Canned, Sauces & Condiments",,Hot Sauce 150ml,Lifebuoy,20001500033,SYNTHETIC_EAN13_POC,ml,345,PKR,True,59
P0178,C15,"Canned, Sauces & Condiments",,Soy Sauce 150ml,Dove,20001500040,SYNTHETIC_EAN13_POC,ml,482,PKR,True,76
P0179,C15,"Canned, Sauces & Condiments",,Vinegar 800ml,Sunsilk,20001500057,SYNTHETIC_EAN13_POC,ml,619,PKR,True,93
P0180,C15,"Canned, Sauces & Condiments",,Mayonnaise 500ml,Colgate,20001500064,SYNTHETIC_EAN13_POC,ml,756,PKR,True,110
P0181,C15,"Canned, Sauces & Condiments",,Mustard Sauce 250g,Pepsodent,20001500071,SYNTHETIC_EAN13_POC,g,893,PKR,True,127
P0182,C15,"Canned, Sauces & Condiments",,Canned Corn 400g,Nestle,20001500088,SYNTHETIC_EAN13_POC,g,1030,PKR,True,144
P0183,C15,"Canned, Sauces & Condiments",,Canned Peas 400g,Nido,20001500095,SYNTHETIC_EAN13_POC,g,186,PKR,True,161
P0184,C15,"Canned, Sauces & Condiments",,Canned Tuna 185g,Olper's,20001500101,SYNTHETIC_EAN13_POC,g,323,PKR,True,178
P0185,C15,"Canned, Sauces & Condiments",,Pickle Mixed 1kg,Surf,20001500118,SYNTHETIC_EAN13_POC,kg,460,PKR,True,195
P0186,C15,"Canned, Sauces & Condiments",,Green Olives 450g,Harpic,20001500125,SYNTHETIC_EAN13_POC,g,597,PKR,True,212
P0187,C16,Baby Care,,Baby Diapers Small 24pcs,Dettol,20001600016,SYNTHETIC_EAN13_POC,pcs,1165,PKR,True,229
P0188,C16,Baby Care,,Baby Diapers Medium 20pcs,Generic Local,20001600023,SYNTHETIC_EAN13_POC,pcs,1302,PKR,True,246
P0189,C16,Baby Care,,Baby Diapers Large 18pcs,POC House Brand,20001600030,SYNTHETIC_EAN13_POC,pcs,1439,PKR,True,63
P0190,C16,Baby Care,,Baby Wipes 72pcs,National,20001600047,SYNTHETIC_EAN13_POC,pcs,1576,PKR,True,80
P0191,C16,Baby Care,,Baby Shampoo 200ml,Shan,20001600054,SYNTHETIC_EAN13_POC,ml,1713,PKR,True,97
P0192,C16,Baby Care,,Baby Lotion 200ml,Dalda,20001600061,SYNTHETIC_EAN13_POC,ml,1850,PKR,True,114
P0193,C16,Baby Care,,Baby Powder 100g,Sufi,20001600078,SYNTHETIC_EAN13_POC,g,1987,PKR,True,131
P0194,C16,Baby Care,,Baby Cereal 300g,Tapal,20001600085,SYNTHETIC_EAN13_POC,g,2124,PKR,True,148
P0195,C16,Baby Care,,Infant Milk Formula 400g,Vital,20001600092,SYNTHETIC_EAN13_POC,g,2261,PKR,True,165
P0196,C16,Baby Care,,Baby Feeding Bottle 250ml,Surf Excel,20001600108,SYNTHETIC_EAN13_POC,ml,2398,PKR,True,182
P0197,C16,Baby Care,,Baby Bib 1pc,Lux,20001600115,SYNTHETIC_EAN13_POC,pc,2535,PKR,True,199
P0198,C17,Personal Care & Hygiene,Bath & Body,Bath Soap 100g,Lifebuoy,20001700013,SYNTHETIC_EAN13_POC,g,1118,PKR,True,216
P0199,C17,Personal Care & Hygiene,Bath & Body,Hand Wash 250ml,Dove,20001700020,SYNTHETIC_EAN13_POC,ml,1255,PKR,True,233
P0200,C17,Personal Care & Hygiene,Bath & Body,Body Wash 250ml,Sunsilk,20001700037,SYNTHETIC_EAN13_POC,ml,1392,PKR,True,50
P0201,C17,Personal Care & Hygiene,Hair & Grooming,Shampoo 200ml,Colgate,20001700044,SYNTHETIC_EAN13_POC,ml,1529,PKR,True,67
P0202,C17,Personal Care & Hygiene,Hair & Grooming,Conditioner 180ml,Pepsodent,20001700051,SYNTHETIC_EAN13_POC,ml,1666,PKR,True,84
P0203,C17,Personal Care & Hygiene,Oral Care,Toothpaste 100g,Nestle,20001700068,SYNTHETIC_EAN13_POC,g,82,PKR,True,101
P0204,C17,Personal Care & Hygiene,Oral Care,Toothbrush Medium 1pc,Nido,20001700075,SYNTHETIC_EAN13_POC,pc,219,PKR,True,118
P0205,C17,Personal Care & Hygiene,Oral Care,Mouthwash 250ml,Olper's,20001700082,SYNTHETIC_EAN13_POC,ml,356,PKR,True,135
P0206,C17,Personal Care & Hygiene,Bath & Body,Face Wash 100ml,Surf,20001700099,SYNTHETIC_EAN13_POC,ml,493,PKR,True,152
P0207,C17,Personal Care & Hygiene,Hair & Grooming,Face Cream 50g,Harpic,20001700105,SYNTHETIC_EAN13_POC,g,630,PKR,True,169
P0208,C17,Personal Care & Hygiene,Bath & Body,Body Lotion 200ml,Dettol,20001700112,SYNTHETIC_EAN13_POC,ml,767,PKR,True,186
P0209,C17,Personal Care & Hygiene,Hair & Grooming,Sunscreen SPF 50 50ml,Generic Local,20001700129,SYNTHETIC_EAN13_POC,ml,904,PKR,True,203
P0210,C17,Personal Care & Hygiene,Bath & Body,Deodorant Spray 150ml,POC House Brand,20001700136,SYNTHETIC_EAN13_POC,ml,1041,PKR,True,220
P0211,C17,Personal Care & Hygiene,Hair & Grooming,Hair Oil 100ml,National,20001700143,SYNTHETIC_EAN13_POC,ml,1178,PKR,True,237
P0212,C17,Personal Care & Hygiene,Hair & Grooming,Hair Gel 150ml,Shan,20001700150,SYNTHETIC_EAN13_POC,ml,1315,PKR,True,54
P0213,C17,Personal Care & Hygiene,Hair & Grooming,Shaving Cream 100g,Dalda,20001700167,SYNTHETIC_EAN13_POC,g,1452,PKR,True,71
P0214,C17,Personal Care & Hygiene,Hair & Grooming,Razor 1pc,Sufi,20001700174,SYNTHETIC_EAN13_POC,pc,1589,PKR,True,88
P0215,C17,Personal Care & Hygiene,Hair & Grooming,Sanitary Pads 10pcs,Tapal,20001700181,SYNTHETIC_EAN13_POC,pcs,1726,PKR,True,105
P0216,C17,Personal Care & Hygiene,Bath & Body,Hand Sanitizer 100ml,Vital,20001700198,SYNTHETIC_EAN13_POC,ml,142,PKR,True,122
P0217,C17,Personal Care & Hygiene,Hair & Grooming,Tissues Pocket Pack,Surf Excel,20001700204,SYNTHETIC_EAN13_POC,Pack,279,PKR,True,139
P0218,C18,Laundry & Cleaning,Laundry,Laundry Detergent Powder 1kg,Lux,20001800010,SYNTHETIC_EAN13_POC,kg,1191,PKR,True,156
P0219,C18,Laundry & Cleaning,Laundry,Laundry Detergent Powder 3kg,Lifebuoy,20001800027,SYNTHETIC_EAN13_POC,kg,1328,PKR,True,173
P0220,C18,Laundry & Cleaning,Home Cleaning,Liquid Detergent 1L,Dove,20001800034,SYNTHETIC_EAN13_POC,L,1465,PKR,True,190
P0221,C18,Laundry & Cleaning,Kitchen Cleaning,Dishwashing Liquid 500ml,Sunsilk,20001800041,SYNTHETIC_EAN13_POC,ml,101,PKR,True,207
P0222,C18,Laundry & Cleaning,Kitchen Cleaning,Dishwashing Bar 250g,Colgate,20001800058,SYNTHETIC_EAN13_POC,g,238,PKR,True,224
P0223,C18,Laundry & Cleaning,Laundry,Fabric Softener 1L,Pepsodent,20001800065,SYNTHETIC_EAN13_POC,L,375,PKR,True,241
P0224,C18,Laundry & Cleaning,Home Cleaning,Bleach 1L,Nestle,20001800072,SYNTHETIC_EAN13_POC,L,512,PKR,True,58
P0225,C18,Laundry & Cleaning,Home Cleaning,Toilet Cleaner 500ml,Nido,20001800089,SYNTHETIC_EAN13_POC,ml,649,PKR,True,75
P0226,C18,Laundry & Cleaning,Home Cleaning,Glass Cleaner 500ml,Olper's,20001800096,SYNTHETIC_EAN13_POC,ml,786,PKR,True,92
P0227,C18,Laundry & Cleaning,Home Cleaning,Floor Cleaner 1L,Surf,20001800102,SYNTHETIC_EAN13_POC,L,923,PKR,True,109
P0228,C18,Laundry & Cleaning,Home Cleaning,Disinfectant 500ml,Harpic,20001800119,SYNTHETIC_EAN13_POC,ml,1060,PKR,True,126
P0229,C18,Laundry & Cleaning,Home Cleaning,Air Freshener 300ml,Dettol,20001800126,SYNTHETIC_EAN13_POC,ml,1197,PKR,True,143
P0230,C18,Laundry & Cleaning,Home Cleaning,Insect Killer Spray 300ml,Generic Local,20001800133,SYNTHETIC_EAN13_POC,ml,1334,PKR,True,160
P0231,C18,Laundry & Cleaning,Home Cleaning,Mosquito Repellent 100ml,POC House Brand,20001800140,SYNTHETIC_EAN13_POC,ml,1471,PKR,True,177
P0232,C18,Laundry & Cleaning,Kitchen Cleaning,Sponge Pack 3pcs,National,20001800157,SYNTHETIC_EAN13_POC,pcs,107,PKR,True,194
P0233,C18,Laundry & Cleaning,Kitchen Cleaning,Steel Scrubber 3pcs,Shan,20001800164,SYNTHETIC_EAN13_POC,pcs,244,PKR,True,211
P0234,C18,Laundry & Cleaning,Home Cleaning,Microfiber Cloth 3pcs,Dalda,20001800171,SYNTHETIC_EAN13_POC,pcs,381,PKR,True,228
P0235,C18,Laundry & Cleaning,Home Cleaning,Garbage Bags Large 20pcs,Sufi,20001800188,SYNTHETIC_EAN13_POC,pcs,518,PKR,True,245
P0236,C18,Laundry & Cleaning,Home Cleaning,Dustbin Small 1pc,Tapal,20001800195,SYNTHETIC_EAN13_POC,pc,655,PKR,True,62
P0237,C18,Laundry & Cleaning,Home Cleaning,Broom 1pc,Vital,20001800201,SYNTHETIC_EAN13_POC,pc,792,PKR,True,79
P0238,C18,Laundry & Cleaning,Home Cleaning,Mop 1pc,Surf Excel,20001800218,SYNTHETIC_EAN13_POC,pc,929,PKR,True,96
P0239,C19,Kitchenware & Crockery,Crockery,Dinner Plate Ceramic 10in,Lux,20001900017,SYNTHETIC_EAN13_POC,in,1244,PKR,True,113
P0240,C19,Kitchenware & Crockery,Crockery,Side Plate Ceramic 7in,Lifebuoy,20001900024,SYNTHETIC_EAN13_POC,in,1381,PKR,True,130
P0241,C19,Kitchenware & Crockery,Crockery,Soup Bowl Ceramic,Dove,20001900031,SYNTHETIC_EAN13_POC,unit,1518,PKR,True,147
P0242,C19,Kitchenware & Crockery,Crockery,Tea Cup Ceramic,Sunsilk,20001900048,SYNTHETIC_EAN13_POC,unit,1655,PKR,True,164
P0243,C19,Kitchenware & Crockery,Crockery,Coffee Mug Ceramic,Colgate,20001900055,SYNTHETIC_EAN13_POC,unit,1792,PKR,True,181
P0244,C19,Kitchenware & Crockery,Crockery,Glass Tumbler 6pcs,Pepsodent,20001900062,SYNTHETIC_EAN13_POC,pcs,1929,PKR,True,198
P0245,C19,Kitchenware & Crockery,Crockery,Water Glass 6pcs,Nestle,20001900079,SYNTHETIC_EAN13_POC,pcs,2066,PKR,True,215
P0246,C19,Kitchenware & Crockery,Crockery,Serving Bowl Glass,Nido,20001900086,SYNTHETIC_EAN13_POC,unit,2203,PKR,True,232
P0247,C19,Kitchenware & Crockery,Crockery,Serving Tray Plastic,Olper's,20001900093,SYNTHETIC_EAN13_POC,unit,2340,PKR,True,249
P0248,C19,Kitchenware & Crockery,Cookware & Utensils,Stainless Steel Spoon 6pcs,Surf,20001900109,SYNTHETIC_EAN13_POC,pcs,2477,PKR,True,66
P0249,C19,Kitchenware & Crockery,Cookware & Utensils,Stainless Steel Fork 6pcs,Harpic,20001900116,SYNTHETIC_EAN13_POC,pcs,2614,PKR,True,83
P0250,C19,Kitchenware & Crockery,Cookware & Utensils,Kitchen Knife 1pc,Dettol,20001900123,SYNTHETIC_EAN13_POC,pc,2751,PKR,True,100
P0251,C19,Kitchenware & Crockery,Cookware & Utensils,Cutting Board 1pc,Generic Local,20001900130,SYNTHETIC_EAN13_POC,pc,2888,PKR,True,117
P0252,C19,Kitchenware & Crockery,Cookware & Utensils,Nonstick Frying Pan 24cm,POC House Brand,20001900147,SYNTHETIC_EAN13_POC,cm,3025,PKR,True,134
P0253,C19,Kitchenware & Crockery,Cookware & Utensils,Nonstick Saucepan 20cm,National,20001900154,SYNTHETIC_EAN13_POC,cm,3162,PKR,True,151
P0254,C19,Kitchenware & Crockery,Cookware & Utensils,Stainless Steel Pot 3L,Shan,20001900161,SYNTHETIC_EAN13_POC,L,3299,PKR,True,168
P0255,C19,Kitchenware & Crockery,Cookware & Utensils,Pressure Cooker 5L,Dalda,20001900178,SYNTHETIC_EAN13_POC,L,3436,PKR,True,185
P0256,C19,Kitchenware & Crockery,Cookware & Utensils,Colander 1pc,Sufi,20001900185,SYNTHETIC_EAN13_POC,pc,3573,PKR,True,202
P0257,C19,Kitchenware & Crockery,Crockery,Measuring Cup Set,Tapal,20001900192,SYNTHETIC_EAN13_POC,unit,3710,PKR,True,219
P0258,C19,Kitchenware & Crockery,Cookware & Utensils,Food Storage Container Set,Vital,20001900208,SYNTHETIC_EAN13_POC,unit,3847,PKR,True,236
P0259,C20,Household & Storage,,Plastic Bucket 10L,Surf Excel,20002000013,SYNTHETIC_EAN13_POC,L,1297,PKR,True,53
P0260,C20,Household & Storage,,Plastic Mug 1pc,Lux,20002000020,SYNTHETIC_EAN13_POC,pc,1434,PKR,True,70
P0261,C20,Household & Storage,,Laundry Basket 1pc,Lifebuoy,20002000037,SYNTHETIC_EAN13_POC,pc,1571,PKR,True,87
P0262,C20,Household & Storage,,Clothes Hangers 5pcs,Dove,20002000044,SYNTHETIC_EAN13_POC,pcs,1708,PKR,True,104
P0263,C20,Household & Storage,,Storage Box Small,Sunsilk,20002000051,SYNTHETIC_EAN13_POC,unit,1845,PKR,True,121
P0264,C20,Household & Storage,,Storage Box Medium,Colgate,20002000068,SYNTHETIC_EAN13_POC,unit,1982,PKR,True,138
P0265,C20,Household & Storage,,Storage Box Large,Pepsodent,20002000075,SYNTHETIC_EAN13_POC,unit,2119,PKR,True,155
P0266,C20,Household & Storage,,Plastic Drawer Organizer,Nestle,20002000082,SYNTHETIC_EAN13_POC,unit,2256,PKR,True,172
P0267,C20,Household & Storage,,Water Bottle 1L,Nido,20002000099,SYNTHETIC_EAN13_POC,L,2393,PKR,True,189
P0268,C20,Household & Storage,,Thermos Flask 1L,Olper's,20002000105,SYNTHETIC_EAN13_POC,L,129,PKR,True,206
P0269,C20,Household & Storage,,Lunch Box 1L,Surf,20002000112,SYNTHETIC_EAN13_POC,L,266,PKR,True,223
P0270,C20,Household & Storage,,Reusable Shopping Bag,Harpic,20002000129,SYNTHETIC_EAN13_POC,g,403,PKR,True,240
P0271,C20,Household & Storage,,Aluminium Foil 10m,Dettol,20002000136,SYNTHETIC_EAN13_POC,unit,540,PKR,True,57
P0272,C20,Household & Storage,,Cling Film 30m,Generic Local,20002000143,SYNTHETIC_EAN13_POC,unit,677,PKR,True,74
P0273,C20,Household & Storage,,Baking Paper 10m,POC House Brand,20002000150,SYNTHETIC_EAN13_POC,unit,814,PKR,True,91
P0274,C21,Stationery & School Supplies,Writing,Ball Pen Blue 5pcs,National,20002100010,SYNTHETIC_EAN13_POC,pcs,1280,PKR,True,108
P0275,C21,Stationery & School Supplies,Writing,Ball Pen Black 5pcs,Shan,20002100027,SYNTHETIC_EAN13_POC,pcs,1417,PKR,True,125
P0276,C21,Stationery & School Supplies,Writing,Gel Pen Blue 3pcs,Dalda,20002100034,SYNTHETIC_EAN13_POC,pcs,1554,PKR,True,142
P0277,C21,Stationery & School Supplies,Writing,Pencil HB 10pcs,Sufi,20002100041,SYNTHETIC_EAN13_POC,pcs,1691,PKR,True,159
P0278,C21,Stationery & School Supplies,School Supplies,Eraser 5pcs,Tapal,20002100058,SYNTHETIC_EAN13_POC,pcs,57,PKR,True,176
P0279,C21,Stationery & School Supplies,Writing,Sharpener 2pcs,Vital,20002100065,SYNTHETIC_EAN13_POC,pcs,194,PKR,True,193
P0280,C21,Stationery & School Supplies,School Supplies,Ruler 30cm,Surf Excel,20002100072,SYNTHETIC_EAN13_POC,cm,331,PKR,True,210
P0281,C21,Stationery & School Supplies,School Supplies,Notebook 100 Pages,Lux,20002100089,SYNTHETIC_EAN13_POC,unit,468,PKR,True,227
P0282,C21,Stationery & School Supplies,School Supplies,Notebook 200 Pages,Lifebuoy,20002100096,SYNTHETIC_EAN13_POC,unit,605,PKR,True,244
P0283,C21,Stationery & School Supplies,School Supplies,Drawing Book A4,Dove,20002100102,SYNTHETIC_EAN13_POC,unit,742,PKR,True,61
P0284,C21,Stationery & School Supplies,Writing,Color Pencils 12pcs,Sunsilk,20002100119,SYNTHETIC_EAN13_POC,pcs,879,PKR,True,78
P0285,C21,Stationery & School Supplies,Writing,Wax Crayons 12pcs,Colgate,20002100126,SYNTHETIC_EAN13_POC,pcs,1016,PKR,True,95
P0286,C21,Stationery & School Supplies,Writing,Marker Set 6pcs,Pepsodent,20002100133,SYNTHETIC_EAN13_POC,pcs,1153,PKR,True,112
P0287,C21,Stationery & School Supplies,School Supplies,Glue Stick 20g,Nestle,20002100140,SYNTHETIC_EAN13_POC,g,1290,PKR,True,129
P0288,C21,Stationery & School Supplies,School Supplies,Scissors 1pc,Nido,20002100157,SYNTHETIC_EAN13_POC,pc,1427,PKR,True,146
P0289,C21,Stationery & School Supplies,School Supplies,Stapler 1pc,Olper's,20002100164,SYNTHETIC_EAN13_POC,pc,1564,PKR,True,163
P0290,C21,Stationery & School Supplies,School Supplies,Staples 1000pcs,Surf,20002100171,SYNTHETIC_EAN13_POC,pcs,1701,PKR,True,180
P0291,C21,Stationery & School Supplies,School Supplies,School Bag Basic,Harpic,20002100188,SYNTHETIC_EAN13_POC,unit,67,PKR,True,197
P0292,C21,Stationery & School Supplies,School Supplies,Geometry Box,Dettol,20002100195,SYNTHETIC_EAN13_POC,unit,204,PKR,True,214
P0293,C21,Stationery & School Supplies,Writing,Whiteboard Marker 4pcs,Generic Local,20002100201,SYNTHETIC_EAN13_POC,pcs,341,PKR,True,231
P0294,C22,Toys & Games,Kids Toys,Toy Car Small,POC House Brand,20002200017,SYNTHETIC_EAN13_POC,unit,1403,PKR,True,248
P0295,C22,Toys & Games,Kids Toys,Toy Truck,National,20002200024,SYNTHETIC_EAN13_POC,unit,1540,PKR,True,65
P0296,C22,Toys & Games,Kids Toys,Remote Control Car,Shan,20002200031,SYNTHETIC_EAN13_POC,unit,1677,PKR,True,82
P0297,C22,Toys & Games,Kids Toys,Toy Bus,Dalda,20002200048,SYNTHETIC_EAN13_POC,unit,1814,PKR,True,99
P0298,C22,Toys & Games,Building Toys,Building Blocks 50pcs,Sufi,20002200055,SYNTHETIC_EAN13_POC,pcs,1951,PKR,True,116
P0299,C22,Toys & Games,Building Toys,Building Blocks 100pcs,Tapal,20002200062,SYNTHETIC_EAN13_POC,pcs,2088,PKR,True,133
P0300,C22,Toys & Games,Kids Toys,Doll Small,Vital,20002200079,SYNTHETIC_EAN13_POC,unit,2225,PKR,True,150
P0301,C22,Toys & Games,Kids Toys,Doll House Set,Surf Excel,20002200086,SYNTHETIC_EAN13_POC,unit,2362,PKR,True,167
P0302,C22,Toys & Games,Kids Toys,Action Figure,Lux,20002200093,SYNTHETIC_EAN13_POC,unit,2499,PKR,True,184
P0303,C22,Toys & Games,Kids Toys,Toy Kitchen Set,Lifebuoy,20002200109,SYNTHETIC_EAN13_POC,unit,2636,PKR,True,201
P0304,C22,Toys & Games,Kids Toys,Toy Doctor Set,Dove,20002200116,SYNTHETIC_EAN13_POC,unit,2773,PKR,True,218
P0305,C22,Toys & Games,Kids Toys,Toy Gun Foam,Sunsilk,20002200123,SYNTHETIC_EAN13_POC,unit,2910,PKR,True,235
P0306,C22,Toys & Games,Kids Toys,Toy Dinosaur,Colgate,20002200130,SYNTHETIC_EAN13_POC,unit,3047,PKR,True,52
P0307,C22,Toys & Games,Kids Toys,Toy Animal Set,Pepsodent,20002200147,SYNTHETIC_EAN13_POC,unit,3184,PKR,True,69
P0308,C22,Toys & Games,Games & Puzzles,Puzzle 50 Pieces,Nestle,20002200154,SYNTHETIC_EAN13_POC,unit,3321,PKR,True,86
P0309,C22,Toys & Games,Games & Puzzles,Puzzle 100 Pieces,Nido,20002200161,SYNTHETIC_EAN13_POC,unit,3458,PKR,True,103
P0310,C22,Toys & Games,Games & Puzzles,Board Game Family,Olper's,20002200178,SYNTHETIC_EAN13_POC,unit,3595,PKR,True,120
P0311,C22,Toys & Games,Games & Puzzles,Playing Cards,Surf,20002200185,SYNTHETIC_EAN13_POC,unit,3732,PKR,True,137
P0312,C22,Toys & Games,Kids Toys,Coloring Book,Harpic,20002200192,SYNTHETIC_EAN13_POC,unit,3869,PKR,True,154
P0313,C22,Toys & Games,Kids Toys,Kids Drawing Board,Dettol,20002200208,SYNTHETIC_EAN13_POC,unit,4006,PKR,True,171
P0314,C22,Toys & Games,Kids Toys,Water Gun,Generic Local,20002200215,SYNTHETIC_EAN13_POC,unit,4143,PKR,True,188
P0315,C22,Toys & Games,Kids Toys,Toy Ball,POC House Brand,20002200222,SYNTHETIC_EAN13_POC,unit,4280,PKR,True,205
P0316,C22,Toys & Games,Kids Toys,Skipping Rope,National,20002200239,SYNTHETIC_EAN13_POC,unit,4417,PKR,True,222
P0317,C22,Toys & Games,Kids Toys,Frisbee,Shan,20002200246,SYNTHETIC_EAN13_POC,unit,4554,PKR,True,239
P0318,C22,Toys & Games,Kids Toys,Toy Musical Keyboard,Dalda,20002200253,SYNTHETIC_EAN13_POC,unit,4691,PKR,True,56
P0319,C23,Clothing & Fashion,Men,Men T-Shirt Small,Sufi,20002300014,SYNTHETIC_EAN13_POC,unit,1606,PKR,True,73
P0320,C23,Clothing & Fashion,Men,Men T-Shirt Medium,Tapal,20002300021,SYNTHETIC_EAN13_POC,unit,1743,PKR,True,90
P0321,C23,Clothing & Fashion,Men,Men T-Shirt Large,Vital,20002300038,SYNTHETIC_EAN13_POC,unit,1880,PKR,True,107
P0322,C23,Clothing & Fashion,Men,Men T-Shirt XL,Surf Excel,20002300045,SYNTHETIC_EAN13_POC,L,2017,PKR,True,124
P0323,C23,Clothing & Fashion,Men,Men Shalwar Kameez Medium,Lux,20002300052,SYNTHETIC_EAN13_POC,unit,2154,PKR,True,141
P0324,C23,Clothing & Fashion,Men,Men Shalwar Kameez Large,Lifebuoy,20002300069,SYNTHETIC_EAN13_POC,unit,2291,PKR,True,158
P0325,C23,Clothing & Fashion,Women,Women T-Shirt Small,Dove,20002300076,SYNTHETIC_EAN13_POC,unit,2428,PKR,True,175
P0326,C23,Clothing & Fashion,Women,Women T-Shirt Medium,Sunsilk,20002300083,SYNTHETIC_EAN13_POC,unit,2565,PKR,True,192
P0327,C23,Clothing & Fashion,Women,Women T-Shirt Large,Colgate,20002300090,SYNTHETIC_EAN13_POC,unit,2702,PKR,True,209
P0328,C23,Clothing & Fashion,Women,Women Kurti Medium,Pepsodent,20002300106,SYNTHETIC_EAN13_POC,unit,2839,PKR,True,226
P0329,C23,Clothing & Fashion,Women,Women Kurti Large,Nestle,20002300113,SYNTHETIC_EAN13_POC,unit,2976,PKR,True,243
P0330,C23,Clothing & Fashion,Kids,Kids T-Shirt 4-5Y,Nido,20002300120,SYNTHETIC_EAN13_POC,Y,3113,PKR,True,60
P0331,C23,Clothing & Fashion,Kids,Kids T-Shirt 6-7Y,Olper's,20002300137,SYNTHETIC_EAN13_POC,Y,3250,PKR,True,77
P0332,C23,Clothing & Fashion,Kids,Kids Shalwar Kameez 5-6Y,Surf,20002300144,SYNTHETIC_EAN13_POC,Y,3387,PKR,True,94
P0333,C23,Clothing & Fashion,Kids,Kids Pajama 5-6Y,Harpic,20002300151,SYNTHETIC_EAN13_POC,Y,3524,PKR,True,111
P0334,C23,Clothing & Fashion,Men,Men Socks 3 Pair,Dettol,20002300168,SYNTHETIC_EAN13_POC,unit,3661,PKR,True,128
P0335,C23,Clothing & Fashion,Women,Women Socks 3 Pair,Generic Local,20002300175,SYNTHETIC_EAN13_POC,unit,3798,PKR,True,145
P0336,C23,Clothing & Fashion,Kids,Kids Socks 3 Pair,POC House Brand,20002300182,SYNTHETIC_EAN13_POC,unit,3935,PKR,True,162
P0337,C23,Clothing & Fashion,Men,Men Cap 1pc,National,20002300199,SYNTHETIC_EAN13_POC,pc,4072,PKR,True,179
P0338,C23,Clothing & Fashion,Women,Women Scarf 1pc,Shan,20002300205,SYNTHETIC_EAN13_POC,pc,4209,PKR,True,196
P0339,C23,Clothing & Fashion,Kids,Kids Cap 1pc,Dalda,20002300212,SYNTHETIC_EAN13_POC,pc,4346,PKR,True,213
P0340,C23,Clothing & Fashion,Accessories,Handkerchief 3pcs,Sufi,20002300229,SYNTHETIC_EAN13_POC,pcs,4483,PKR,True,230
P0341,C24,Footwear,,Men Slippers Size 8,Tapal,20002400011,SYNTHETIC_EAN13_POC,unit,1709,PKR,True,247
P0342,C24,Footwear,,Men Slippers Size 9,Vital,20002400028,SYNTHETIC_EAN13_POC,unit,1846,PKR,True,64
P0343,C24,Footwear,,Men Slippers Size 10,Surf Excel,20002400035,SYNTHETIC_EAN13_POC,unit,1983,PKR,True,81
P0344,C24,Footwear,,Men Casual Shoes Size 8,Lux,20002400042,SYNTHETIC_EAN13_POC,unit,2120,PKR,True,98
P0345,C24,Footwear,,Men Casual Shoes Size 9,Lifebuoy,20002400059,SYNTHETIC_EAN13_POC,unit,2257,PKR,True,115
P0346,C24,Footwear,,Women Slippers Size 6,Dove,20002400066,SYNTHETIC_EAN13_POC,unit,2394,PKR,True,132
P0347,C24,Footwear,,Women Slippers Size 7,Sunsilk,20002400073,SYNTHETIC_EAN13_POC,unit,2531,PKR,True,149
P0348,C24,Footwear,,Women Sandals Size 7,Colgate,20002400080,SYNTHETIC_EAN13_POC,unit,2668,PKR,True,166
P0349,C24,Footwear,,Kids Sandals Size 10,Pepsodent,20002400097,SYNTHETIC_EAN13_POC,unit,2805,PKR,True,183
P0350,C24,Footwear,,Kids Shoes Size 11,Nestle,20002400103,SYNTHETIC_EAN13_POC,unit,2942,PKR,True,200
P0351,C24,Footwear,,Kids Shoes Size 12,Nido,20002400110,SYNTHETIC_EAN13_POC,unit,3079,PKR,True,217
P0352,C25,Electronics & Small Appliances,,LED Bulb 9W,Olper's,20002500018,SYNTHETIC_EAN13_POC,W,1612,PKR,True,234
P0353,C25,Electronics & Small Appliances,,LED Bulb 12W,Surf,20002500025,SYNTHETIC_EAN13_POC,W,1749,PKR,True,51
P0354,C25,Electronics & Small Appliances,,Extension Board 4 Socket,Harpic,20002500032,SYNTHETIC_EAN13_POC,unit,1886,PKR,True,68
P0355,C25,Electronics & Small Appliances,,AA Batteries 4pcs,Dettol,20002500049,SYNTHETIC_EAN13_POC,pcs,2023,PKR,True,85
P0356,C25,Electronics & Small Appliances,,AAA Batteries 4pcs,Generic Local,20002500056,SYNTHETIC_EAN13_POC,pcs,2160,PKR,True,102
P0357,C25,Electronics & Small Appliances,,Power Bank 10000mAh,POC House Brand,20002500063,SYNTHETIC_EAN13_POC,mAh,2297,PKR,True,119
P0358,C25,Electronics & Small Appliances,,USB Cable Type-C,National,20002500070,SYNTHETIC_EAN13_POC,unit,2434,PKR,True,136
P0359,C25,Electronics & Small Appliances,,USB Cable Micro USB,Shan,20002500087,SYNTHETIC_EAN13_POC,unit,2571,PKR,True,153
P0360,C25,Electronics & Small Appliances,,Earphones Wired,Dalda,20002500094,SYNTHETIC_EAN13_POC,unit,2708,PKR,True,170
P0361,C25,Electronics & Small Appliances,,Bluetooth Speaker Small,Sufi,20002500100,SYNTHETIC_EAN13_POC,unit,2845,PKR,True,187
P0362,C25,Electronics & Small Appliances,,Electric Kettle 1.7L,Tapal,20002500117,SYNTHETIC_EAN13_POC,L,2982,PKR,True,204
P0363,C25,Electronics & Small Appliances,,Sandwich Maker,Vital,20002500124,SYNTHETIC_EAN13_POC,unit,3119,PKR,True,221
P0364,C25,Electronics & Small Appliances,,Electric Iron,Surf Excel,20002500131,SYNTHETIC_EAN13_POC,unit,3256,PKR,True,238
P0365,C25,Electronics & Small Appliances,,Hair Dryer,Lux,20002500148,SYNTHETIC_EAN13_POC,unit,3393,PKR,True,55
P0366,C25,Electronics & Small Appliances,,Rechargeable Emergency Light,Lifebuoy,20002500155,SYNTHETIC_EAN13_POC,unit,3530,PKR,True,72
P0367,C26,Automotive & Miscellaneous,,Car Shampoo 500ml,Dove,20002600015,SYNTHETIC_EAN13_POC,ml,1615,PKR,True,89
P0368,C26,Automotive & Miscellaneous,,Dashboard Cleaner 300ml,Sunsilk,20002600022,SYNTHETIC_EAN13_POC,ml,1752,PKR,True,106
P0369,C26,Automotive & Miscellaneous,,Car Air Freshener,Colgate,20002600039,SYNTHETIC_EAN13_POC,unit,188,PKR,True,123
P0370,C26,Automotive & Miscellaneous,,Windshield Washer 1L,Pepsodent,20002600046,SYNTHETIC_EAN13_POC,L,325,PKR,True,140
P0371,C26,Automotive & Miscellaneous,,Microfiber Car Cloth,Nestle,20002600053,SYNTHETIC_EAN13_POC,unit,462,PKR,True,157
P0372,C26,Automotive & Miscellaneous,,Bicycle Lock,Nido,20002600060,SYNTHETIC_EAN13_POC,unit,599,PKR,True,174
P0373,C26,Automotive & Miscellaneous,,Torch Light,Olper's,20002600077,SYNTHETIC_EAN13_POC,unit,736,PKR,True,191
P0374,C26,Automotive & Miscellaneous,,Umbrella,Surf,20002600084,SYNTHETIC_EAN13_POC,unit,873,PKR,True,208
P0375,C26,Automotive & Miscellaneous,,Lighter 1pc,Harpic,20002600091,SYNTHETIC_EAN13_POC,pc,1010,PKR,True,225
P0376,C26,Automotive & Miscellaneous,,Shoe Polish Black 50g,Dettol,20002600107,SYNTHETIC_EAN13_POC,g,1147,PKR,True,242
P0377,C26,Automotive & Miscellaneous,,Shoe Polish Brown 50g,Generic Local,20002600114,SYNTHETIC_EAN13_POC,g,1284,PKR,True,59
P0378,C26,Automotive & Miscellaneous,,Sewing Kit,POC House Brand,20002600121,SYNTHETIC_EAN13_POC,unit,1421,PKR,True,76
P0379,C26,Automotive & Miscellaneous,,Safety Pins 12pcs,National,20002600138,SYNTHETIC_EAN13_POC,pcs,1558,PKR,True,93
